{
  "snr_db": [
    0,
    5,
    10,
    15,
    20,
    25,
    30
  ],
  "rs": {
    "RuleHybrid": [
      0.20755383825820425,
      0.39499567300462357,
      0.5996343487363947,
      0.7487983868250152,
      0.8236639556067679,
      0.8396146901123359,
      0.8345155401912796
    ],
    "LearnedSelector": [
      0.2044492368502995,
      0.3779561919781863,
      0.5486126818772777,
      0.6532475012342643,
      0.7031764793578926,
      0.7133245666313659,
      0.7131477193454342
    ],
    "Oracle": [
      0.21207253665417966,
      0.39998747099695914,
      0.6072803833295622,
      0.7702296013417451,
      0.8788149739470323,
      0.94136668836979,
      0.9825294116878753
    ]
  },
  "threshold": 0.9
}