{
  "params": {
    "total_params": 101250,
    "trainable_params": 101250
  },
  "size_mb": 0.38623809814453125,
  "latency_ms": {
    "1": 0.34598900005221367,
    "8": 0.3248170000006212,
    "32": 0.4296320000139531,
    "128": 0.347297999978764,
    "256": 0.3867999999783933
  }
}