{
  "params": {
    "total_params": 101379,
    "trainable_params": 101379
  },
  "size_mb": 0.3867301940917969,
  "latency_ms": {
    "1": 0.4039109999575885,
    "8": 0.3797380000469275,
    "32": 0.3870230000029551,
    "128": 0.38127100000565406,
    "256": 0.45293800001672935
  }
}