{
  "best_rs": 0.2101154327392578,
  "grid_rs": {
    "0.1": 0.11387892067432404,
    "0.2": 0.12065037339925766,
    "0.3": 0.138828843832016,
    "0.4": 0.14874643087387085,
    "0.5": 0.159567728638649,
    "0.6": 0.16959264874458313,
    "0.7": 0.18800026178359985,
    "0.8": 0.20401722192764282,
    "0.9": 0.2101154327392578
  },
  "best_t": 0.9
}