{
  "snr_db": [
    0,
    5,
    10,
    15,
    20,
    25,
    30
  ],
  "rs": {
    "DF(policy_safe)": [
      0.03868199050750421,
      0.059918525388173736,
      0.06233078823484423,
      0.041924771602691896,
      0.016232579227184397,
      0.0035771249123263027,
      0.0005009059631240578
    ],
    "CF(policy_safe)": [
      0.2099010268669299,
      0.3944474796352484,
      0.6016291534656759,
      0.7535565358293635,
      0.822558775582277,
      0.848334823270588,
      0.8368067563037433
    ],
    "Hybrid(rule)": [
      0.21007597263511793,
      0.3946971621964594,
      0.6019034264490123,
      0.7537670966304476,
      0.8227002485024045,
      0.8484010707082041,
      0.836833629919135
    ],
    "DF(bruteforce)": [
      0.07977530670821514,
      0.1391031668161797,
      0.19673166303988307,
      0.23945833300538075,
      0.2586080604959327,
      0.2739111284160858,
      0.2794141461096151
    ],
    "CF(bruteforce)": [
      0.21031667337850538,
      0.3958233605565317,
      0.6078142902582807,
      0.777265800844373,
      0.8821811683647468,
      0.9575893224962532,
      0.9931962180625448
    ]
  },
  "extra": {
    "EE_Hybrid": [
      0.02526370625075934,
      0.06227321890385255,
      0.1183132360810819,
      0.17458669570705776,
      0.211624486367111,
      0.22886178545329883,
      0.23550703073554027
    ],
    "Outage_Hybrid": [
      0.8201376678388747,
      0.7038343190537084,
      0.5950787244245525,
      0.5264595987851662,
      0.5091412244245525,
      0.5175331681585678,
      0.5368396339514067
    ],
    "QoSviolProb_Hybrid": [
      0.0,
      0.0,
      0.0,
      0.0,
      0.0,
      0.0,
      0.0
    ]
  }
}