{
  "params": {
    "total_params": 102147,
    "trainable_params": 102147
  },
  "size_mb": 0.3896598815917969,
  "latency_ms": {
    "1": 0.35567599996284116,
    "8": 0.3083840000181226,
    "32": 0.4427369999757502,
    "128": 0.4842079999798443,
    "256": 0.3506299999571638
  }
}