{
  "snr_db": [
    0,
    5,
    10,
    15,
    20,
    25,
    30
  ],
  "rs": {
    "DF(policy_safe)": [
      0.03708151612154511,
      0.05693388996107499,
      0.06247277237722636,
      0.04727545077138392,
      0.02085118636708049,
      0.005205316535468735,
      0.001433769518876022
    ],
    "CF(policy_safe)": [
      0.19702453107175316,
      0.36806489508170304,
      0.5516721630645225,
      0.6947027025625224,
      0.7825906804150633,
      0.8386513476481523,
      0.8664073899883749
    ],
    "Hybrid(rule)": [
      0.19746478016266739,
      0.3686748499912984,
      0.5523818317429184,
      0.6953245526384515,
      0.7829605386690106,
      0.838813338895588,
      0.8665003175930599
    ],
    "DF(bruteforce)": [
      0.07861050540376502,
      0.137919801713713,
      0.19569678337830107,
      0.2377203527618857,
      0.26164575450865507,
      0.2714997583338062,
      0.27527519248788007
    ],
    "CF(bruteforce)": [
      0.2067466278362762,
      0.3950719287633286,
      0.6048742756819177,
      0.775495324598249,
      0.8835975538434275,
      0.952185036123866,
      0.9856268637015692
    ]
  },
  "extra": {
    "EE_Hybrid": [
      0.026933117519559152,
      0.06437587525571703,
      0.1208760740659426,
      0.18049999290262647,
      0.22648216764945203,
      0.26063555311363984,
      0.2802916301409607
    ],
    "Outage_Hybrid": [
      0.8298982976342711,
      0.7230558663682864,
      0.6240958679667519,
      0.5588984574808185,
      0.5257552749360613,
      0.5100853180946292,
      0.5033917439258312
    ],
    "QoSviolProb_Hybrid": [
      0.0,
      0.0,
      0.0,
      0.0,
      0.0,
      0.0,
      0.0
    ]
  }
}